epoch,t.loss,t.auc,v.loss,v.auc,lr,s.cnt,min.v.loss
0,1.2492036819458008,0.43652204363141756,1.2490582466125488,0.4357390854182648,0.005,0,1.2490582466125488
1,1.1497602462768555,0.4486435892333046,1.1491854190826416,0.45112836995329736,0.005,0,1.1491854190826416
2,1.0567231178283691,0.4688510866897635,1.0561604499816895,0.46999418732007936,0.005,0,1.0561604499816895
3,0.9699766635894775,0.4931503284687761,0.9691214561462402,0.49296269923991687,0.005,0,0.9691214561462402
4,0.890566885471344,0.5210628461910509,0.8900105953216553,0.5235485543425822,0.005,0,0.8900105953216553
5,0.817602276802063,0.5546014936741223,0.8171530961990356,0.5528717924044428,0.005,0,0.8171530961990356
6,0.7511960864067078,0.5794730635603029,0.7503570914268494,0.5812091552676167,0.005,0,0.7503570914268494
7,0.6916001439094543,0.6016956777466431,0.6908010244369507,0.6041147948890969,0.005,0,0.6908010244369507
8,0.6381910443305969,0.6158648204632812,0.6373670697212219,0.6125841313672388,0.005,0,0.6373670697212219
9,0.5904720425605774,0.6229695176652239,0.5895571708679199,0.6202264074850187,0.005,0,0.5895571708679199
10,0.5478648543357849,0.6272851092596899,0.54720139503479,0.6265060778670716,0.005,0,0.54720139503479
11,0.5098934173583984,0.630176580918492,0.5091124176979065,0.6294365147701495,0.005,0,0.5091124176979065
12,0.47588950395584106,0.6327697209591232,0.4751737117767334,0.6314485419935798,0.005,0,0.4751737117767334
13,0.44547420740127563,0.6353101513061302,0.444929301738739,0.6304080241649399,0.005,0,0.444929301738739
14,0.4183155596256256,0.6346173105163855,0.4178416132926941,0.6305649657175934,0.005,0,0.4178416132926941
15,0.3937941789627075,0.6347611047562498,0.3933470547199249,0.6320906976905887,0.005,0,0.3933470547199249
16,0.37166598439216614,0.6340504993896268,0.371150940656662,0.6328578981664668,0.005,0,0.371150940656662
17,0.35156604647636414,0.6336950219084201,0.35124027729034424,0.6295300594570926,0.005,0,0.35124027729034424
18,0.3332425057888031,0.633012707757827,0.3328971564769745,0.6316911502498825,0.005,0,0.3328971564769745
19,0.31652402877807617,0.6322190961174549,0.3162936568260193,0.6299455700862527,0.005,0,0.3162936568260193
20,0.30117878317832947,0.6318026999115209,0.30072468519210815,0.6297248634050295,0.005,0,0.30072468519210815
21,0.2869236469268799,0.6317297944551149,0.28668212890625,0.6282502690521347,0.005,0,0.28668212890625
22,0.2738564610481262,0.6310265943211246,0.2735182046890259,0.6265388331314448,0.005,0,0.2735182046890259
23,0.2616140842437744,0.6302171605624745,0.26116496324539185,0.6268344582141441,0.005,0,0.26116496324539185
24,0.25021931529045105,0.6311277100917666,0.24988482892513275,0.6279614633450239,0.005,0,0.24988482892513275
25,0.23967143893241882,0.6300946034241431,0.23934487998485565,0.6295990027640697,0.005,0,0.23934487998485565
26,0.22972211241722107,0.6296373754629234,0.22935518622398376,0.6269966868847002,0.005,0,0.22935518622398376
27,0.22046518325805664,0.6284751284365838,0.2200537472963333,0.6276825332399977,0.005,0,0.2200537472963333
28,0.2116270512342453,0.6288809085655628,0.21138261258602142,0.6245736629164198,0.005,0,0.21138261258602142
29,0.20341147482395172,0.6280288028620286,0.20298777520656586,0.6250593317647561,0.005,0,0.20298777520656586
30,0.1955885887145996,0.628218465972511,0.19532108306884766,0.626171439419637,0.005,0,0.19532108306884766
31,0.18820986151695251,0.6288418209833646,0.18809184432029724,0.6240886394161813,0.005,0,0.18809184432029724
32,0.18137189745903015,0.6266752516910326,0.18117989599704742,0.6225706835917341,0.005,0,0.18117989599704742
33,0.17476849257946014,0.6270818818869138,0.17449341714382172,0.6255450254797166,0.005,0,0.17449341714382172
34,0.16868628561496735,0.6258820545636161,0.16840054094791412,0.6234611775256798,0.005,0,0.16840054094791412
35,0.16284017264842987,0.6259517433581651,0.16257046163082123,0.6241572109079242,0.005,0,0.16257046163082123
36,0.1572542041540146,0.6263384134829832,0.15710312128067017,0.6235855248549532,0.005,0,0.15710312128067017
37,0.15215253829956055,0.6263467740962112,0.15203645825386047,0.6211764510627114,0.005,0,0.15203645825386047
38,0.14740915596485138,0.6240121408413322,0.14715524017810822,0.6208628166236441,0.005,0,0.14715524017810822
39,0.14277173578739166,0.6247893037551085,0.14270220696926117,0.6206228975151034,0.005,0,0.14270220696926117
40,0.1384783834218979,0.6245269412485692,0.13830706477165222,0.6209057151023409,0.005,0,0.13830706477165222
41,0.13451708853244781,0.6240586062539426,0.1344050168991089,0.6213958267874905,0.005,0,0.1344050168991089
42,0.13077807426452637,0.623551579758818,0.13074414432048798,0.6198425757506519,0.005,0,0.13074414432048798
43,0.12734290957450867,0.6229782618008011,0.12725630402565002,0.6180915876883744,0.005,0,0.12725630402565002
44,0.12412440776824951,0.6217749024182622,0.12402472645044327,0.6191006954185846,0.005,0,0.12402472645044327
45,0.12101787328720093,0.6215154142089313,0.12088864296674728,0.6188754369610527,0.005,0,0.12088864296674728
46,0.11817567050457001,0.6217220046062188,0.11803007870912552,0.6182515736262749,0.005,0,0.11803007870912552
47,0.11561519652605057,0.6207918089352715,0.11533906310796738,0.6196605591680524,0.005,0,0.11533906310796738
48,0.11311738193035126,0.6215624711615415,0.11299362033605576,0.6175151011928552,0.005,0,0.11299362033605576
49,0.11085999011993408,0.6194661048359805,0.11076056212186813,0.6165013185373416,0.005,0,0.11076056212186813
50,0.10874043405056,0.6197801221593908,0.10859161615371704,0.6174950350114486,0.005,0,0.10859161615371704
51,0.10679641366004944,0.6194244452509121,0.10653799772262573,0.6177632357603007,0.005,0,0.10653799772262573
52,0.10505159199237823,0.6175315310615793,0.10490657389163971,0.615227280611392,0.005,0,0.10490657389163971
53,0.10326478630304337,0.6188653156081408,0.10314768552780151,0.6153148241530872,0.005,0,0.10314768552780151
54,0.10164632648229599,0.6178316866128725,0.10146759450435638,0.6160403694814662,0.005,0,0.10146759450435638
55,0.10025331377983093,0.6174107095603264,0.09994252771139145,0.6153446747589577,0.005,0,0.09994252771139145
56,0.09885759651660919,0.6170118494706937,0.09871144592761993,0.6153744886569545,0.005,0,0.09871144592761993
57,0.09759817272424698,0.6170580331406313,0.09765337407588959,0.6120419916000259,0.005,0,0.09765337407588959
58,0.09638078510761261,0.6171231236359636,0.09654433280229568,0.6107764568753439,0.005,0,0.09654433280229568
59,0.09539835155010223,0.6151108334125133,0.09523529559373856,0.6128406850630803,0.005,0,0.09523529559373856
60,0.09430885314941406,0.6155226774789235,0.09416209161281586,0.613799177372293,0.005,0,0.09416209161281586
61,0.09334808588027954,0.6155844896030328,0.09347502142190933,0.6099622667690661,0.005,0,0.09347502142190933
62,0.09256987273693085,0.6142606616315699,0.09245770424604416,0.6115472866941944,0.005,0,0.09245770424604416
63,0.09177418053150177,0.614419493003084,0.09178407490253448,0.6097538868285746,0.005,0,0.09178407490253448
64,0.09089650213718414,0.6146266090989247,0.0910874679684639,0.6086473327197104,0.005,0,0.0910874679684639
65,0.09025098383426666,0.6143070127051529,0.09038833528757095,0.6083576744426352,0.005,0,0.09038833528757095
66,0.0896817222237587,0.6128279695853802,0.08978085219860077,0.6086609560772627,0.005,0,0.08978085219860077
67,0.08905655890703201,0.6131481565948705,0.08881170302629471,0.6114911911429272,0.005,0,0.08881170302629471
68,0.08845995366573334,0.6132261469573865,0.08867084980010986,0.6076911826096493,0.005,0,0.08867084980010986
69,0.0880541205406189,0.6115542563607486,0.08777477592229843,0.6103578142356904,0.005,0,0.08777477592229843
70,0.0875660851597786,0.6117565523298727,0.0875430554151535,0.6086117296348318,0.005,0,0.0875430554151535
71,0.08704832941293716,0.6115803708944358,0.0870862826704979,0.6077316477115734,0.005,0,0.0870862826704979
72,0.0866609588265419,0.6109998054296628,0.08666713535785675,0.6074291073391648,0.005,0,0.08666713535785675
73,0.08631404489278793,0.6103217844023658,0.08629117906093597,0.6072448977571575,0.005,0,0.08629117906093597
74,0.08589117228984833,0.6107600282247829,0.08579785376787186,0.6067254079319926,0.005,0,0.08579785376787186
75,0.08555126190185547,0.6104231359190959,0.08555935323238373,0.6056175264190591,0.005,0,0.08555935323238373
76,0.08515050262212753,0.6113907508989553,0.08521337062120438,0.6068950610659868,0.005,0,0.08521337062120438
77,0.08490622788667679,0.610473387459552,0.08489693701267242,0.6043314056821173,0.005,0,0.08489693701267242
78,0.08456910401582718,0.6105835534116038,0.08469127118587494,0.603643271597416,0.005,0,0.08469127118587494
79,0.08425209671258926,0.6102164094893563,0.08448769897222519,0.6040368214452493,0.005,0,0.08448769897222519
80,0.08407752215862274,0.6095008464955882,0.08405277132987976,0.6058961782547219,0.005,0,0.08405277132987976
81,0.08383777737617493,0.6095145234658249,0.08375591784715652,0.6067501218038289,0.005,0,0.08375591784715652
82,0.08374480903148651,0.6082205871305606,0.08372458070516586,0.603696017259199,0.005,0,0.08372458070516586
83,0.08346308022737503,0.6083527630463784,0.08332055807113647,0.6053845782541005,0.005,0,0.08332055807113647
84,0.08321165293455124,0.6092353421939731,0.08313817530870438,0.6055208295914984,0.005,0,0.08313817530870438
85,0.08315447717905045,0.6075468254631091,0.08306269347667694,0.6050121958238774,0.005,0,0.08306269347667694
86,0.08281772583723068,0.6094564641954364,0.08275525271892548,0.6069913529228145,0.005,0,0.08275525271892548
87,0.08275914937257767,0.6078142449298427,0.08280390501022339,0.6027400151647567,0.005,1,0.08275525271892548
88,0.08261128515005112,0.6077014900116414,0.082669198513031,0.6025964293574169,0.005,0,0.082669198513031
89,0.08241818845272064,0.607381744971697,0.08212275058031082,0.6068228590471466,0.005,0,0.08212275058031082
90,0.08225124329328537,0.6078043545224077,0.08220777660608292,0.605555481824042,0.005,1,0.08212275058031082
91,0.0821019858121872,0.6083326209462787,0.08206629008054733,0.6043629045899184,0.005,0,0.08206629008054733
92,0.08201046288013458,0.6076099630065304,0.08195944130420685,0.6035734046729777,0.005,0,0.08195944130420685
93,0.08184602111577988,0.6079734997309081,0.0816459208726883,0.6059242301747927,0.005,0,0.0816459208726883
94,0.08171717822551727,0.6073713955226977,0.08186604827642441,0.6034346477271849,0.005,1,0.0816459208726883
95,0.08181162923574448,0.6062346568646539,0.08153413236141205,0.6040175273133104,0.005,0,0.08153413236141205
96,0.08154401928186417,0.6070168212273803,0.08133333176374435,0.6063132495605665,0.005,0,0.08133333176374435
97,0.08141575753688812,0.607313755930366,0.08167804032564163,0.6007965369346949,0.005,1,0.08133333176374435
98,0.0813290998339653,0.6070023441557983,0.08137093484401703,0.6028085061360029,0.005,2,0.08133333176374435
99,0.08131363987922668,0.6064775121435729,0.08113377541303635,0.6028636247841861,0.005,0,0.08113377541303635
100,0.08110994845628738,0.6069150078962424,0.08122346550226212,0.6013312676320941,0.005,1,0.08113377541303635
101,0.0811181589961052,0.6066658280869494,0.0810047909617424,0.6036499157225118,0.005,0,0.0810047909617424
102,0.08098585158586502,0.6062912236926719,0.08080504089593887,0.6048539541020286,0.005,0,0.08080504089593887
103,0.08079331368207932,0.60764974439773,0.08064107596874237,0.60537150077815,0.005,0,0.08064107596874237
104,0.08083610236644745,0.6062054099418119,0.08069272339344025,0.6033070073464248,0.005,1,0.08064107596874237
105,0.08067835867404938,0.6077949841047299,0.08067530393600464,0.6048941243568402,0.005,2,0.08064107596874237
106,0.08064964413642883,0.6064637894485991,0.08056946098804474,0.6041653593927216,0.005,0,0.08056946098804474
107,0.08056201040744781,0.6072367930967522,0.08107702434062958,0.5981942672361985,0.005,1,0.08056946098804474
108,0.0805874913930893,0.6058973431410866,0.08025134354829788,0.605745715049671,0.005,0,0.08025134354829788
109,0.08039987832307816,0.6068764793410918,0.0803268700838089,0.6030680781663426,0.005,1,0.08025134354829788
110,0.0803697407245636,0.6067984129156659,0.08039293438196182,0.6046973630503604,0.005,2,0.08025134354829788
111,0.08034686744213104,0.6062756137241253,0.08030375093221664,0.6017226114551453,0.005,3,0.08025134354829788
112,0.08017408847808838,0.6073083016923426,0.08017044514417648,0.6033727724620357,0.005,0,0.08017044514417648
113,0.080112524330616,0.6075417135353649,0.08029387146234512,0.6010992300592222,0.005,1,0.08017044514417648
114,0.08016906678676605,0.6057264936667008,0.080218605697155,0.6011607465345116,0.005,2,0.08017044514417648
115,0.08003190159797668,0.6066102220764752,0.08032811433076859,0.5996679924413799,0.005,3,0.08017044514417648
116,0.07995036989450455,0.6070259149587478,0.07985854148864746,0.6052868867615816,0.005,0,0.07985854148864746
117,0.0798737034201622,0.6076965685402043,0.07999739050865173,0.6019289582530969,0.005,1,0.07985854148864746
118,0.07992269843816757,0.605951831369313,0.0795583426952362,0.605192592523545,0.005,0,0.0795583426952362
119,0.07973936945199966,0.6078054575161554,0.07963546365499496,0.6035094015352929,0.005,1,0.0795583426952362
120,0.07985255122184753,0.6062242079194968,0.07950978726148605,0.6059207677934383,0.005,0,0.07950978726148605
121,0.07962490618228912,0.6076517176838284,0.07954880595207214,0.6037324243649188,0.005,1,0.07950978726148605
122,0.07959843426942825,0.606904570151199,0.079621322453022,0.6026153078614984,0.005,2,0.07950978726148605
123,0.07960310578346252,0.6067981068698333,0.07977787405252457,0.601403599904679,0.005,3,0.07950978726148605
124,0.07958123087882996,0.6065519250483276,0.07961367070674896,0.6023802010367554,0.005,4,0.07950978726148605
125,0.0793227106332779,0.6081591278644105,0.07955629378557205,0.6026449180900038,0.005,5,0.07950978726148605
126,0.07945745438337326,0.60668599438147,0.07939454168081284,0.6035310047108848,0.005,0,0.07939454168081284
127,0.07935686409473419,0.6074220294981134,0.0795334130525589,0.601612368238154,0.005,1,0.07939454168081284
128,0.07927225530147552,0.6079178361431491,0.07925008237361908,0.6049057074671033,0.005,0,0.07925008237361908
129,0.07923700660467148,0.6078424918347423,0.07944943010807037,0.6020699176712973,0.005,1,0.07925008237361908
130,0.0791463553905487,0.6085668123933503,0.07929984480142593,0.6024761246307235,0.005,2,0.07925008237361908
131,0.07912731915712357,0.6078408340547669,0.07924355566501617,0.6027526000447277,0.005,0,0.07924355566501617
132,0.07921449095010757,0.6066919344108442,0.07920321077108383,0.6015761245416774,0.005,0,0.07920321077108383
133,0.07912561297416687,0.6069799627397089,0.07894722372293472,0.6062504187065825,0.005,0,0.07894722372293472
134,0.07895045727491379,0.6085292740152655,0.0791686400771141,0.6019664997505191,0.005,1,0.07894722372293472
135,0.07902657240629196,0.6065769389261549,0.07899307459592819,0.6037992113803615,0.005,2,0.07894722372293472
136,0.07887113839387894,0.6076110972083626,0.07874581962823868,0.6062323323820926,0.005,0,0.07874581962823868
137,0.07899627089500427,0.6065874758411394,0.07886571437120438,0.603965405685376,0.005,1,0.07874581962823868
138,0.07881076633930206,0.6080676273372387,0.07845965772867203,0.6073904326341653,0.005,0,0.07845965772867203
139,0.07874342799186707,0.6088401992916788,0.07866734266281128,0.6047962055123308,0.005,1,0.07845965772867203
140,0.0786861851811409,0.6087406155987624,0.07871732860803604,0.6042886031175414,0.005,2,0.07845965772867203
141,0.0785878598690033,0.6092934110333911,0.07858691364526749,0.6053228178490713,0.005,3,0.07845965772867203
142,0.07869545370340347,0.6073399567484263,0.07845748960971832,0.6056447305056656,0.005,0,0.07845748960971832
143,0.07852312177419662,0.6087214987440462,0.07851673662662506,0.6051703736029788,0.005,1,0.07845748960971832
144,0.07849704474210739,0.6091157789113484,0.07843667268753052,0.6048634649936289,0.005,0,0.07843667268753052
145,0.07852763682603836,0.6085662230824994,0.07856476306915283,0.6033132974181605,0.005,1,0.07843667268753052
146,0.07833228260278702,0.6104205953417883,0.07823412865400314,0.606424344163397,0.005,0,0.07823412865400314
147,0.078343465924263,0.6093708606370064,0.07845069468021393,0.604740481776298,0.005,1,0.07823412865400314
148,0.07833179086446762,0.6094623247366233,0.07842729240655899,0.6025990024609337,0.005,2,0.07823412865400314
149,0.07831442356109619,0.6088429635994185,0.07809358090162277,0.6077938651888333,0.005,0,0.07809358090162277
150,0.07824870198965073,0.6092269475454474,0.07811742275953293,0.607573823985832,0.005,1,0.07809358090162277
151,0.07803136855363846,0.6110841178215566,0.07793080806732178,0.6083082834068363,0.005,0,0.07793080806732178
152,0.07810389250516891,0.6103203796579748,0.07803136855363846,0.6074226100455629,0.005,1,0.07793080806732178
153,0.07805357128381729,0.6101181676353361,0.0779256597161293,0.6073537129194588,0.005,0,0.0779256597161293
154,0.07802890986204147,0.6098957142339175,0.0777881070971489,0.609240103301545,0.005,0,0.0777881070971489
155,0.07798917591571808,0.6101495206145596,0.07828918844461441,0.6036705183125207,0.005,1,0.0777881070971489
156,0.07788189500570297,0.6115826393524699,0.07795867323875427,0.6056231983775707,0.005,2,0.0777881070971489
157,0.07784588634967804,0.6116294868194533,0.0779198482632637,0.6061984853545153,0.005,3,0.0777881070971489
158,0.077828548848629,0.6112464510772475,0.07788906991481781,0.6054700329993836,0.005,4,0.0777881070971489
159,0.07783728837966919,0.6105035548577799,0.07793787121772766,0.6051900146835283,0.005,5,0.0777881070971489
160,0.07777867466211319,0.6099475978919522,0.0776817798614502,0.6078731222241269,0.005,0,0.0776817798614502
161,0.07768849283456802,0.6113801916381124,0.07776152342557907,0.6069668592982189,0.005,1,0.0776817798614502
162,0.0775962546467781,0.6118918920060384,0.07769353687763214,0.6071587171432797,0.005,2,0.0776817798614502
163,0.07752948999404907,0.6114655562426546,0.07742047309875488,0.6108041511896799,0.005,0,0.07742047309875488
164,0.07759977132081985,0.611048667340445,0.07784485816955566,0.6053807523463862,0.005,1,0.07742047309875488
165,0.0774693489074707,0.6119060050739166,0.07758509367704391,0.6062634038207866,0.005,2,0.07742047309875488
166,0.0773991048336029,0.6122336373863503,0.07748094946146011,0.6086182932394311,0.005,3,0.07742047309875488
167,0.07735946774482727,0.6132768490577671,0.07727566361427307,0.6102614087028675,0.005,0,0.07727566361427307
168,0.07737912237644196,0.6121763071563897,0.07739046216011047,0.6084267089272336,0.005,1,0.07727566361427307
169,0.07729280740022659,0.6126269193842723,0.07735516875982285,0.6081969235600169,0.005,2,0.07727566361427307
170,0.07721243053674698,0.6131862014790803,0.07735242694616318,0.6094746547716863,0.005,3,0.07727566361427307
171,0.07711389660835266,0.6136605609388919,0.07722366601228714,0.6078244712664218,0.005,0,0.07722366601228714
172,0.0771699771285057,0.6131437958903043,0.07745447754859924,0.6065306288506795,0.005,1,0.07722366601228714
173,0.07719291746616364,0.6127691819269975,0.07723202556371689,0.6076068267323198,0.005,2,0.07722366601228714
174,0.07706762105226517,0.613456071813471,0.07673993706703186,0.6140776835605868,0.005,0,0.07673993706703186
175,0.0770663470029831,0.6130464097032436,0.0769578367471695,0.6107003780314166,0.005,1,0.07673993706703186
176,0.0769224464893341,0.6139402163670246,0.0766657367348671,0.6138138901247996,0.005,0,0.0766657367348671
177,0.07688531279563904,0.6147339211966945,0.07700249552726746,0.6106086734746463,0.005,1,0.0766657367348671
178,0.07687592506408691,0.6139102538330173,0.07677190750837326,0.6111128715102038,0.005,2,0.0766657367348671
179,0.07685054838657379,0.614145808703671,0.07675880193710327,0.611598162622681,0.005,3,0.0766657367348671
180,0.07682988792657852,0.6137376558903548,0.07686015963554382,0.609823087090666,0.005,4,0.0766657367348671
181,0.07672230154275894,0.6148195183938947,0.07661020010709763,0.6120597961027776,0.005,0,0.07661020010709763
182,0.07672542333602905,0.6144739864507811,0.07654628902673721,0.6125253750872085,0.005,0,0.07654628902673721
183,0.0766846165060997,0.6146357662794815,0.0765400305390358,0.6116540177965833,0.005,0,0.0765400305390358
184,0.07654432952404022,0.6158037851703775,0.07669705152511597,0.6101121497528912,0.005,1,0.0765400305390358
185,0.07659106701612473,0.6144626036553449,0.07628466933965683,0.6151062192288554,0.005,0,0.07628466933965683
186,0.0765511766076088,0.6150866263234777,0.07657887041568756,0.6110869770657922,0.005,1,0.07628466933965683
187,0.07644496858119965,0.6155762231033839,0.07656802237033844,0.6100674111440215,0.005,2,0.07628466933965683
188,0.0764264315366745,0.6154226307211009,0.07658472657203674,0.609962340184813,0.005,3,0.07628466933965683
189,0.07646509259939194,0.6151307091021353,0.0765003189444542,0.6103012497709429,0.005,4,0.07628466933965683
190,0.07646430283784866,0.6150446930424205,0.07623255252838135,0.6138407484469206,0.005,0,0.07623255252838135
191,0.07635638862848282,0.6157123037268949,0.07646672427654266,0.6105421505190674,0.005,1,0.07623255252838135
192,0.07640248537063599,0.6146672993304403,0.07622122764587402,0.6127599336620995,0.005,0,0.07622122764587402
193,0.07625602930784225,0.6155681498328855,0.0761755183339119,0.613209316185461,0.005,0,0.0761755183339119
194,0.07611775398254395,0.6171299731580874,0.07607050985097885,0.614605417263655,0.005,0,0.07607050985097885
195,0.07602044194936752,0.6175163530042238,0.0761004388332367,0.6128886752790632,0.005,1,0.07607050985097885
196,0.07619666308164597,0.6158087397528311,0.076140858232975,0.6133297748483979,0.005,2,0.07607050985097885
197,0.07598798722028732,0.6177980967099164,0.07590485364198685,0.6154216511695971,0.005,0,0.07590485364198685
198,0.07597580552101135,0.617494630818143,0.0759437084197998,0.6134857513392169,0.005,1,0.07590485364198685
199,0.07591605186462402,0.6175841045052735,0.07601987570524216,0.6127110506159041,0.005,2,0.07590485364198685
200,0.07586607336997986,0.6177641974445891,0.07578899711370468,0.6151373688197961,0.005,0,0.07578899711370468
201,0.0758749395608902,0.6175393433585483,0.07579166442155838,0.614877499574094,0.005,1,0.07578899711370468
202,0.07582859694957733,0.6175624993223252,0.0757126435637474,0.6165933404395987,0.005,0,0.0757126435637474
203,0.07576803117990494,0.6176031097938057,0.07574845850467682,0.6144059028666661,0.005,1,0.0757126435637474
204,0.07565416395664215,0.6189026067138067,0.07571420073509216,0.6144101526911125,0.005,2,0.0757126435637474
205,0.07573553919792175,0.6172620403893043,0.07581309974193573,0.6128143228893134,0.005,3,0.0757126435637474
206,0.07556173205375671,0.6196314141685562,0.07562033832073212,0.6155517640032532,0.005,0,0.07562033832073212
207,0.07554644346237183,0.6192647272218322,0.07571978867053986,0.612386799312533,0.005,1,0.07562033832073212
208,0.07547835260629654,0.6200022392311735,0.07550285011529922,0.6160853366264512,0.005,0,0.07550285011529922
209,0.07542513310909271,0.6200156857835316,0.0755503848195076,0.6152603520371269,0.005,1,0.07550285011529922
210,0.07551629841327667,0.6190130772437149,0.0754687637090683,0.6153175050119746,0.005,0,0.0754687637090683
211,0.07548587024211884,0.6185118090751447,0.07557076960802078,0.6131501395410733,0.005,1,0.0754687637090683
212,0.07534094899892807,0.6196488404584972,0.07532989233732224,0.6173402521185795,0.005,0,0.07532989233732224
213,0.0753222182393074,0.6199489708367185,0.07500973343849182,0.6204575060468052,0.005,0,0.07500973343849182
214,0.07529052346944809,0.6199406959641688,0.07544375956058502,0.6144392442728897,0.005,1,0.07500973343849182
215,0.07522192597389221,0.6196841976959413,0.07517199218273163,0.6162039089783423,0.005,2,0.07500973343849182
216,0.07520867139101028,0.6197230859052372,0.0752205178141594,0.6159816712235584,0.005,3,0.07500973343849182
217,0.07524100691080093,0.6189067476025438,0.07530705630779266,0.6155454940616417,0.005,4,0.07500973343849182
218,0.07516025006771088,0.6197205276034771,0.07495959848165512,0.6186744637221249,0.005,0,0.07495959848165512
219,0.07509017735719681,0.6199835002443801,0.07500942796468735,0.6168867855482646,0.005,1,0.07495959848165512
220,0.0750938355922699,0.6199313586575075,0.07517333328723907,0.6154586704679161,0.005,2,0.07495959848165512
221,0.07488305866718292,0.62196512901409,0.07485079765319824,0.6186594324400068,0.005,0,0.07485079765319824
222,0.07498909533023834,0.6209119543519752,0.07480485737323761,0.6191371262068033,0.005,0,0.07480485737323761
223,0.07486140727996826,0.6217786732682826,0.07496941834688187,0.6166719130506711,0.005,1,0.07480485737323761
224,0.07488130033016205,0.6212975359996983,0.07461695373058319,0.6215948142488767,0.005,0,0.07461695373058319
225,0.07477150112390518,0.6219225592838381,0.0748233050107956,0.617641106297059,0.005,1,0.07461695373058319
226,0.07476779073476791,0.6217144894384868,0.07467684894800186,0.6188337640516792,0.005,2,0.07461695373058319
227,0.07482000440359116,0.620923231126915,0.07495030015707016,0.6161893466097044,0.005,3,0.07461695373058319
228,0.07470492273569107,0.6218948622175431,0.0747843012213707,0.6176072497964821,0.005,4,0.07461695373058319
229,0.07459741085767746,0.6225526706818876,0.07451649010181427,0.6202959629845951,0.005,0,0.07451649010181427
230,0.07446262985467911,0.6245226301289737,0.07465218752622604,0.618576156484632,0.005,1,0.07451649010181427
231,0.07453735172748566,0.6229037206928002,0.07458021491765976,0.619916326604927,0.005,2,0.07451649010181427
232,0.07447454333305359,0.6230764736972347,0.07444141805171967,0.6198486195243978,0.005,0,0.07444141805171967
233,0.07441867887973785,0.6236352326488553,0.0743497759103775,0.6206843429428957,0.005,0,0.0743497759103775
234,0.07444705814123154,0.6227138125390477,0.07464352250099182,0.6162343078340645,0.005,1,0.0743497759103775
235,0.07437341660261154,0.6229988915951836,0.07432246208190918,0.6207075269252962,0.005,0,0.07432246208190918
236,0.07416710257530212,0.6256768711398684,0.07438027113676071,0.6190199428334787,0.005,1,0.07432246208190918
237,0.07430746406316757,0.6233403001021648,0.07429790496826172,0.6194144837938954,0.005,0,0.07429790496826172
238,0.07424107939004898,0.6239009584517534,0.0741652250289917,0.6211896599765312,0.005,0,0.0741652250289917
239,0.07422458380460739,0.6232735980952893,0.07426320016384125,0.6194192451603202,0.005,1,0.0741652250289917
240,0.0742328092455864,0.622926774713792,0.07419811189174652,0.6207567119233539,0.005,2,0.0741652250289917
241,0.07415392249822617,0.6239228445618322,0.07404518872499466,0.6213306347883558,0.005,0,0.07404518872499466
242,0.07418409734964371,0.6237147862428118,0.07399558275938034,0.6235765882639539,0.005,0,0.07399558275938034
243,0.07401122897863388,0.625376482180375,0.07409612089395523,0.6210856890694013,0.005,1,0.07399558275938034
244,0.07395955175161362,0.625590404139643,0.07393550872802734,0.621038161846274,0.005,0,0.07393550872802734
245,0.07397809624671936,0.6242082088402878,0.07384853810071945,0.6237776538646277,0.005,0,0.07384853810071945
246,0.07384800910949707,0.6263693623881923,0.0738481655716896,0.6226925004459888,0.005,0,0.0738481655716896
247,0.0737544521689415,0.6264277312384299,0.07392599433660507,0.6215327933363587,0.005,1,0.0738481655716896
248,0.07380713522434235,0.625937070556436,0.07387794554233551,0.6206298731951851,0.005,2,0.0738481655716896
249,0.07370871305465698,0.62689472439416,0.07374293357133865,0.6228176589008532,0.005,0,0.07374293357133865
250,0.07366952300071716,0.6269085966052184,0.0738767758011818,0.6218842025454633,0.005,1,0.07374293357133865
251,0.07371944934129715,0.62593963054365,0.07372075319290161,0.6229902498488489,0.005,0,0.07372075319290161
252,0.07361600548028946,0.6269481949887308,0.07375454157590866,0.6206952664955616,0.005,1,0.07372075319290161
253,0.07360945641994476,0.6260762131606186,0.07378605008125305,0.6204378235218824,0.005,2,0.07372075319290161
254,0.0735914409160614,0.6264399841631085,0.0733729898929596,0.6257319040793616,0.005,0,0.0733729898929596
255,0.07346693426370621,0.6278418630103244,0.07365462929010391,0.6217979035190906,0.005,1,0.0733729898929596
256,0.07349391281604767,0.6273462770510293,0.07335222512483597,0.626730610456009,0.005,0,0.07335222512483597
257,0.07338372617959976,0.6284511754705224,0.0733599066734314,0.624084531686729,0.005,1,0.07335222512483597
258,0.07336407899856567,0.6282867118009208,0.07333488017320633,0.6242573381454656,0.005,0,0.07333488017320633
259,0.07327831536531448,0.628354483309941,0.0733647421002388,0.6246747078507977,0.005,1,0.07333488017320633
260,0.0733557939529419,0.6275087860832661,0.07348639518022537,0.6228896477772023,0.005,2,0.07333488017320633
261,0.07332715392112732,0.6278944181858714,0.07310126721858978,0.6268927811044426,0.005,0,0.07310126721858978
262,0.07309144735336304,0.6303586743286484,0.0733381137251854,0.6242900022322176,0.005,1,0.07310126721858978
263,0.0731397345662117,0.6294436825405624,0.0731930211186409,0.6251545117282555,0.005,2,0.07310126721858978
264,0.07314565032720566,0.6288183235792204,0.07309927046298981,0.6270322011602075,0.005,0,0.07309927046298981
265,0.07310094684362411,0.6293082701180253,0.07293320447206497,0.6282306267874603,0.005,0,0.07293320447206497
266,0.07307304441928864,0.6291949310540742,0.07297475636005402,0.6272347599424436,0.005,1,0.07293320447206497
267,0.07308907061815262,0.6283836692845902,0.07329284399747849,0.6225719174499322,0.005,2,0.07293320447206497
268,0.07286427170038223,0.6311832875038914,0.07297886908054352,0.6256731572723309,0.005,3,0.07293320447206497
269,0.07291067391633987,0.6301126613243946,0.07284241169691086,0.6284386467539669,0.005,0,0.07284241169691086
270,0.07286123186349869,0.6304022119988466,0.072835274040699,0.6290209532236163,0.005,0,0.072835274040699
271,0.07298512756824493,0.628358333104454,0.07285338640213013,0.6271264361919966,0.005,1,0.072835274040699
272,0.07268933951854706,0.6317942670412469,0.072860486805439,0.627016985154597,0.005,2,0.072835274040699
273,0.07268551737070084,0.6323302201142065,0.07277841866016388,0.6282591227543876,0.005,0,0.07277841866016388
274,0.07268862426280975,0.6323219570398351,0.07255085557699203,0.6295356816823563,0.005,0,0.07255085557699203
275,0.07259328663349152,0.6325352976261969,0.0725545883178711,0.6311943660206384,0.005,1,0.07255085557699203
276,0.07257390022277832,0.6321075404813599,0.07257366925477982,0.6294648248294594,0.005,2,0.07255085557699203
277,0.07258778810501099,0.6316594181584246,0.0727672427892685,0.6256665723534827,0.005,3,0.07255085557699203
278,0.07251670956611633,0.6323291068446262,0.07244037836790085,0.6301487363245883,0.005,0,0.07244037836790085
279,0.07255963981151581,0.6316413934779288,0.07250773161649704,0.62946148322885,0.005,1,0.07244037836790085
280,0.07245241105556488,0.6329837801469719,0.07268965244293213,0.6264612824202043,0.005,2,0.07244037836790085
281,0.07245361804962158,0.6320491253626901,0.0724792331457138,0.6284195941835176,0.005,3,0.07244037836790085
282,0.0723467692732811,0.6336676996653565,0.07224676758050919,0.6311335387060701,0.005,0,0.07224676758050919
283,0.07243608683347702,0.6321304632000446,0.0724443718791008,0.628151478691662,0.005,1,0.07224676758050919
284,0.07243359088897705,0.6315118176740051,0.07212156057357788,0.6334722529778942,0.005,0,0.07212156057357788
285,0.07226064801216125,0.6341709879321518,0.07216055691242218,0.63150373642576,0.005,1,0.07212156057357788
286,0.07216280698776245,0.6337097254289082,0.07213199138641357,0.6319863975967228,0.005,2,0.07212156057357788
287,0.07212477177381516,0.6351730790919469,0.0721346065402031,0.6327657791659638,0.005,3,0.07212156057357788
288,0.07216236740350723,0.6340475771385324,0.07230428606271744,0.628803148832646,0.005,4,0.07212156057357788
289,0.07213687896728516,0.6339808010804178,0.07192029803991318,0.6334936205126211,0.005,0,0.07192029803991318
290,0.07202073931694031,0.635255525523106,0.07229021936655045,0.6279343267535393,0.005,1,0.07192029803991318
291,0.07200401276350021,0.6349678187897468,0.0718633234500885,0.6349688258739903,0.005,0,0.0718633234500885
292,0.07199642062187195,0.6349682471125518,0.07209125906229019,0.62929660803903,0.005,1,0.0718633234500885
293,0.07205115258693695,0.6334940135718157,0.07183121144771576,0.6343385197153584,0.005,0,0.07183121144771576
294,0.07190481573343277,0.6354334617336799,0.07177340239286423,0.6336543453444905,0.005,0,0.07177340239286423
295,0.07178017497062683,0.6363004087843476,0.07172773033380508,0.6341162511733258,0.005,0,0.07172773033380508
296,0.07175878435373306,0.636846692113878,0.071975477039814,0.6310106478504854,0.005,1,0.07172773033380508
297,0.07171887159347534,0.636882446955368,0.07188846170902252,0.6316636998652863,0.005,2,0.07172773033380508
298,0.07175946980714798,0.6353042384071291,0.07180339097976685,0.6324418842842028,0.005,3,0.07172773033380508
299,0.071602463722229,0.6379674551142173,0.07167354971170425,0.6337266148584528,0.005,0,0.07167354971170425
300,0.07163980603218079,0.6370950851967192,0.07161456346511841,0.6352731246719501,0.005,0,0.07161456346511841
301,0.0716538205742836,0.6361389253237114,0.07173041999340057,0.6326205367678186,0.005,1,0.07161456346511841
302,0.0716119259595871,0.6372297121433025,0.07184622436761856,0.6309661046222326,0.005,2,0.07161456346511841
303,0.07150870561599731,0.6381474525263471,0.07176700979471207,0.6310188929125139,0.005,3,0.07161456346511841
304,0.07160305976867676,0.6368335331217274,0.07174690812826157,0.6318808873271575,0.005,4,0.07161456346511841
305,0.07151558995246887,0.6368716406395841,0.07142448425292969,0.6347494442285864,0.005,0,0.07142448425292969
306,0.0714096873998642,0.6384744581217241,0.07149544358253479,0.6338817932490554,0.005,1,0.07142448425292969
307,0.0713975578546524,0.6387044136965678,0.07119438797235489,0.637408471404197,0.005,0,0.07119438797235489
308,0.07139389961957932,0.6381576023849659,0.07140833884477615,0.6349058221377635,0.005,1,0.07119438797235489
309,0.07142575085163116,0.6372566948489307,0.07139641791582108,0.6347946588556859,0.005,2,0.07119438797235489
310,0.07125573605298996,0.639384531319956,0.07136406749486923,0.6352005709679995,0.005,3,0.07119438797235489
311,0.07127410173416138,0.6388983490524638,0.0712885856628418,0.6357924534561216,0.005,4,0.07119438797235489
312,0.07117283344268799,0.6402071045521115,0.0713777169585228,0.634503900526532,0.005,5,0.07119438797235489
313,0.0711718425154686,0.639856417457513,0.07146627455949783,0.6315359363355315,0.005,6,0.07119438797235489
314,0.07110923528671265,0.6408847965352837,0.07089804112911224,0.6401472245285819,0.005,0,0.07089804112911224
315,0.07105553150177002,0.6405443327524787,0.07102852314710617,0.6379120252757817,0.005,1,0.07089804112911224
316,0.07114742696285248,0.639717193679689,0.07107111066579819,0.638269816918368,0.005,2,0.07089804112911224
317,0.07104871422052383,0.6404646612311087,0.07105503231287003,0.6376118353913993,0.005,3,0.07089804112911224
318,0.0709356814622879,0.641420952134576,0.07108177244663239,0.6365125198383557,0.005,4,0.07089804112911224
319,0.07098206877708435,0.6412566473869796,0.07075352221727371,0.6421137458301751,0.005,0,0.07075352221727371
320,0.07096241414546967,0.6404825002941819,0.07072316855192184,0.6413735434031623,0.005,0,0.07072316855192184
321,0.07088124752044678,0.641118562323655,0.07070297747850418,0.6408613288416917,0.005,0,0.07070297747850418
322,0.07073578238487244,0.6426612032789114,0.07068757712841034,0.6414235040030623,0.005,0,0.07068757712841034
323,0.07076136767864227,0.6426686424924725,0.070804163813591,0.6382525310623446,0.005,1,0.07068757712841034
324,0.07082805037498474,0.6412632854661754,0.07072368264198303,0.63965871259624,0.005,2,0.07068757712841034
325,0.07059723138809204,0.6449355063043716,0.07076669484376907,0.6380574523974192,0.005,3,0.07068757712841034
326,0.070708267390728,0.6426805579457558,0.07044094800949097,0.6439507510970871,0.005,0,0.07044094800949097
327,0.07061417400836945,0.6433859813567379,0.07085241377353668,0.6370490184343057,0.005,1,0.07044094800949097
328,0.0705958753824234,0.6433728022478777,0.07063953578472137,0.6392920731720255,0.005,2,0.07044094800949097
329,0.07043787837028503,0.6457161613158173,0.0704997107386589,0.6428426647305371,0.005,3,0.07044094800949097
330,0.07050181180238724,0.6444091188899116,0.07029105722904205,0.644836574842229,0.005,0,0.07029105722904205
331,0.07043131440877914,0.6450043021344944,0.07051826268434525,0.6410312934005477,0.005,1,0.07029105722904205
332,0.07032918184995651,0.6462585609786455,0.07037410140037537,0.6440672180748166,0.005,2,0.07029105722904205
333,0.07038527727127075,0.645098034909623,0.07033228129148483,0.6445755546270753,0.005,3,0.07029105722904205
334,0.07040153443813324,0.6447550621925506,0.07051075994968414,0.6396014791008956,0.005,4,0.07029105722904205
335,0.07032658904790878,0.6457183243514193,0.07015971839427948,0.645577371699967,0.005,0,0.07015971839427948
336,0.07036798447370529,0.6439396106017927,0.07029425352811813,0.6431351720122425,0.005,1,0.07015971839427948
337,0.07027813792228699,0.6457567224741748,0.07024765014648438,0.6431943687867543,0.005,2,0.07015971839427948
338,0.07017825543880463,0.6465324154001779,0.07019282877445221,0.6435362955232573,0.005,3,0.07015971839427948
339,0.07021521776914597,0.6454621860091845,0.07026844471693039,0.641719071063639,0.005,4,0.07015971839427948
340,0.07003434002399445,0.6484881455917959,0.07017713040113449,0.6433536241195605,0.005,5,0.07015971839427948
341,0.07015618681907654,0.646339796981954,0.07021091133356094,0.6428185216069269,0.005,6,0.07015971839427948
342,0.07011133432388306,0.646603151894708,0.07014740258455276,0.6431340956426628,0.005,0,0.07014740258455276
343,0.06998657435178757,0.6480995582901881,0.07000509649515152,0.6465328279128071,0.005,0,0.07000509649515152
344,0.07008986175060272,0.646118401284502,0.07002691924571991,0.6445401765259373,0.005,1,0.07000509649515152
345,0.06991209089756012,0.6491202220661515,0.0699675977230072,0.6445732799230459,0.005,0,0.0699675977230072
346,0.0698670744895935,0.6494144286171053,0.07001172006130219,0.6441884440507213,0.005,1,0.0699675977230072
347,0.06996385753154755,0.6475667270043338,0.07013356685638428,0.6426393457400832,0.005,2,0.0699675977230072
348,0.06978374719619751,0.6489272781378195,0.06994037330150604,0.6444238492749519,0.005,0,0.06994037330150604
349,0.06984447687864304,0.648672035043529,0.0697282925248146,0.647376499177971,0.005,0,0.0697282925248146
350,0.06981463730335236,0.6486453820888292,0.06992443650960922,0.6444880821328769,0.005,1,0.0697282925248146
351,0.06980224698781967,0.6485421243779455,0.06965949386358261,0.6479242055165747,0.005,0,0.06965949386358261
352,0.06977788358926773,0.6488200835325073,0.06991641968488693,0.6416540531308718,0.005,1,0.06965949386358261
353,0.06970556825399399,0.6497132591296728,0.06980804353952408,0.6452456509364097,0.005,2,0.06965949386358261
354,0.0695732906460762,0.6519524270170362,0.06966754049062729,0.6479783389727994,0.005,3,0.06965949386358261
355,0.06968044489622116,0.6503450647896223,0.06986137479543686,0.6430033824576569,0.005,4,0.06965949386358261
356,0.06956743448972702,0.651162460578804,0.06964932382106781,0.6477064200716038,0.005,0,0.06964932382106781
357,0.06954727321863174,0.6510303119564677,0.06957092881202698,0.648344904981267,0.005,0,0.06957092881202698
358,0.06953513622283936,0.6511250411067833,0.06975211203098297,0.6446520668607343,0.005,1,0.06957092881202698
359,0.06956396251916885,0.6501094532659648,0.0693158209323883,0.6520552053924407,0.005,0,0.0693158209323883
360,0.06950248032808304,0.6513317661229164,0.0695735514163971,0.6471066986763112,0.005,1,0.0693158209323883
361,0.06938093155622482,0.6531296354383325,0.0695156455039978,0.6477511598645983,0.005,2,0.0693158209323883
362,0.0693582147359848,0.6529446179828886,0.06963162124156952,0.6465838554092874,0.005,3,0.0693158209323883
363,0.06950002908706665,0.6507513323954062,0.0694480910897255,0.6482712358316134,0.005,4,0.0693158209323883
364,0.0693296417593956,0.652794628938242,0.06937762349843979,0.6486579627514836,0.005,5,0.0693158209323883
365,0.06928732246160507,0.6535724029650328,0.06940153986215591,0.6499218148346114,0.005,6,0.0693158209323883
366,0.06922508776187897,0.6534575537886284,0.06939923018217087,0.6476953354779447,0.005,7,0.0693158209323883
367,0.06916948407888412,0.6542973900391608,0.06937350332736969,0.6482762316547784,0.005,8,0.0693158209323883
368,0.06925641000270844,0.6532066034914169,0.06898169219493866,0.6557402010534279,0.005,0,0.06898169219493866
369,0.06917279958724976,0.653257916704812,0.06913891434669495,0.6513998490704866,0.005,1,0.06898169219493866
370,0.06912821531295776,0.6545415811219631,0.06923333555459976,0.6492040551277802,0.005,2,0.06898169219493866
371,0.06924159824848175,0.6523794542515334,0.06910894811153412,0.6509166976717943,0.005,3,0.06898169219493866
372,0.06900504976511002,0.6561266141823628,0.06931019574403763,0.6485623576871271,0.005,4,0.06898169219493866
373,0.06914790719747543,0.6527819234963376,0.0692557692527771,0.6495075439842739,0.005,5,0.06898169219493866
374,0.06905359029769897,0.6546711024476628,0.06920705735683441,0.6506871988628158,0.005,6,0.06898169219493866
375,0.06904660910367966,0.6546769566819892,0.0690903291106224,0.6504200567216691,0.005,7,0.06898169219493866
376,0.0690702423453331,0.6537464374038655,0.06912308186292648,0.6500196827617477,0.005,8,0.06898169219493866
377,0.068914033472538,0.6561049081983887,0.06908944994211197,0.6515322010844234,0.005,9,0.06898169219493866
378,0.06892792880535126,0.6555111777608218,0.06878016144037247,0.6559157534979239,0.005,0,0.06878016144037247
379,0.06887318938970566,0.6568107734701774,0.06862793117761612,0.658049200893751,0.005,0,0.06862793117761612
380,0.06878671795129776,0.6577928823217899,0.06906426697969437,0.6493224510450537,0.005,1,0.06862793117761612
381,0.06886915862560272,0.6559152801562245,0.06881938874721527,0.6541784041868235,0.005,2,0.06862793117761612
382,0.06879103928804398,0.6573311556118809,0.06888020783662796,0.6529353927028195,0.005,3,0.06862793117761612
383,0.06882666796445847,0.656038413230513,0.06875257194042206,0.6538683635669799,0.005,4,0.06862793117761612
384,0.06876088678836823,0.6572584686120668,0.0687781274318695,0.6543513337945547,0.005,5,0.06862793117761612
385,0.06866105645895004,0.6585088842947819,0.06853412091732025,0.6566541300042635,0.005,0,0.06853412091732025
386,0.06870486587285995,0.6573848833741169,0.06873704493045807,0.6545637302868772,0.005,1,0.06853412091732025
387,0.06866353750228882,0.6582504913043623,0.06861303746700287,0.6568248038539648,0.005,2,0.06853412091732025
388,0.06864437460899353,0.6583045012442269,0.06876165419816971,0.6531537998133895,0.005,3,0.06853412091732025
389,0.06867148727178574,0.6574556016005,0.06849006563425064,0.6575351900147309,0.005,0,0.06849006563425064
390,0.0685422420501709,0.6592526929429512,0.06861117482185364,0.6556708658010921,0.005,1,0.06849006563425064
391,0.06854932755231857,0.6591291238253907,0.06835396587848663,0.6597137170474131,0.005,0,0.06835396587848663
392,0.06851939111948013,0.6593675123792473,0.06833644211292267,0.6610439345975014,0.005,0,0.06833644211292267
393,0.06853927671909332,0.6584025014258849,0.06856429576873779,0.6550863130464122,0.005,1,0.06833644211292267
394,0.06855177879333496,0.6584177013397735,0.06851759552955627,0.6563345915181945,0.005,2,0.06833644211292267
395,0.06842263787984848,0.66076322398701,0.06854669749736786,0.6555102262262192,0.005,3,0.06833644211292267
396,0.06840769946575165,0.6605045438169692,0.06851319968700409,0.656067115453812,0.005,4,0.06833644211292267
397,0.06845363229513168,0.6594312329266591,0.06861254572868347,0.654547653422428,0.005,5,0.06833644211292267
398,0.06835097819566727,0.6611542426376296,0.06825989484786987,0.659865436609036,0.005,0,0.06825989484786987
399,0.06832776218652725,0.6608684421527935,0.06848200410604477,0.6565524527471622,0.005,1,0.06825989484786987
400,0.06828573346138,0.6618397234845227,0.06854217499494553,0.6543070546261659,0.005,2,0.06825989484786987
401,0.06837364286184311,0.6599653039455166,0.06828189641237259,0.6571715748456394,0.005,3,0.06825989484786987
402,0.06825679540634155,0.6620305946305983,0.0681750476360321,0.6607274890458021,0.005,0,0.0681750476360321
403,0.06822377443313599,0.6618693802445449,0.06817277520895004,0.6602455134831855,0.005,0,0.06817277520895004
404,0.0681699886918068,0.6624579237788476,0.06826930493116379,0.6582670680433436,0.005,1,0.06817277520895004
405,0.06825048476457596,0.6616980708586833,0.06835305690765381,0.6564577890621411,0.005,2,0.06817277520895004
406,0.06814393401145935,0.6627088560797594,0.06819140911102295,0.6591277634729168,0.005,3,0.06817277520895004
407,0.06812719255685806,0.6627888550141695,0.06803829967975616,0.6620139496266046,0.005,0,0.06803829967975616
408,0.06810225546360016,0.6629705954032582,0.06825321167707443,0.65729004181041,0.005,1,0.06803829967975616
409,0.06815367937088013,0.6620776873039604,0.06805618107318878,0.6601703428630952,0.005,2,0.06803829967975616
410,0.0679277554154396,0.6657484818674495,0.0680486336350441,0.661231893119101,0.005,3,0.06803829967975616
411,0.06807981431484222,0.662693029340075,0.06790181994438171,0.6632704944746646,0.005,0,0.06790181994438171
412,0.06791309267282486,0.6653801679682483,0.06818858534097672,0.6603811703898586,0.005,1,0.06790181994438171
413,0.06804545968770981,0.6638034607789756,0.068111851811409,0.6597291083035162,0.005,2,0.06790181994438171
414,0.06792396306991577,0.6651960523394566,0.06806764751672745,0.6594255377424008,0.005,3,0.06790181994438171
415,0.06790135055780411,0.6648913754217683,0.06801619380712509,0.6597709043618843,0.005,4,0.06790181994438171
416,0.0678400993347168,0.6660214720316441,0.06763951480388641,0.6661036981415793,0.005,0,0.06763951480388641
417,0.06783514469861984,0.6662807887596183,0.06786888837814331,0.6632228902834154,0.005,1,0.06763951480388641
418,0.06774447858333588,0.6673651856423446,0.0677979588508606,0.6636293577503309,0.005,2,0.06763951480388641
419,0.06791363656520844,0.6645673430760628,0.06794983148574829,0.6615964555881527,0.005,3,0.06763951480388641
420,0.06774131953716278,0.6670627936022749,0.06765346974134445,0.6663388191758218,0.005,4,0.06763951480388641
421,0.06775454431772232,0.666555232763849,0.06765461713075638,0.6647598086848157,0.005,5,0.06763951480388641
422,0.06771247833967209,0.667787304073495,0.06781677901744843,0.6631692695532942,0.005,6,0.06763951480388641
423,0.06774866580963135,0.6663015958528924,0.06786404550075531,0.6615751519961732,0.005,7,0.06763951480388641
424,0.06766372919082642,0.6679294904445713,0.06775477528572083,0.6648241173267376,0.005,8,0.06763951480388641
425,0.0676020160317421,0.6689482939142266,0.0676850900053978,0.6648873306530807,0.005,9,0.06763951480388641
426,0.06767924875020981,0.6672452866281482,0.0676741749048233,0.6640172190619033,0.005,10,0.06763951480388641
427,0.06771412491798401,0.6664924744475875,0.06731515377759933,0.6702784680121054,0.005,0,0.06731515377759933
428,0.06764113157987595,0.6675299044679407,0.06777618825435638,0.6608564651195061,0.005,1,0.06731515377759933
429,0.0675327330827713,0.6694344603058291,0.06772805005311966,0.6628962730983939,0.005,2,0.06731515377759933
430,0.06740418821573257,0.6715576330167774,0.06767288595438004,0.6632719012151055,0.005,3,0.06731515377759933
431,0.06753662973642349,0.6688073077495376,0.0675220638513565,0.6669084566926288,0.005,4,0.06731515377759933
432,0.06745357066392899,0.6697381889653247,0.0674716979265213,0.6672705632865337,0.005,5,0.06731515377759933
433,0.06744284182786942,0.670342408255251,0.06760425120592117,0.6647678074488546,0.005,6,0.06731515377759933
434,0.06745155155658722,0.6700792629368629,0.06766228377819061,0.6634942893537581,0.005,7,0.06731515377759933
435,0.06735066324472427,0.6714373724455039,0.06756515055894852,0.6664797028100252,0.005,8,0.06731515377759933
436,0.06742878258228302,0.6703970139215657,0.06755538284778595,0.6661027993907421,0.005,9,0.06731515377759933
437,0.0674058049917221,0.6702556585337021,0.06755559891462326,0.6650227578395134,0.005,10,0.06731515377759933
438,0.0674532800912857,0.6698120501829122,0.06732142716646194,0.6696765038841572,0.005,11,0.06731515377759933
439,0.06730209290981293,0.671938065167442,0.06734878569841385,0.6691387074872619,0.005,12,0.06731515377759933
440,0.0673552006483078,0.6712087202703307,0.06749717891216278,0.6654356349747843,0.005,13,0.06731515377759933
441,0.06739915162324905,0.6703327231469924,0.06734687834978104,0.6684351999083316,0.005,14,0.06731515377759933
442,0.06737800687551498,0.6698239046336332,0.06766542792320251,0.6628056804349516,0.005,15,0.06731515377759933
443,0.06731175631284714,0.6715887084941482,0.06737329810857773,0.6669402966284155,0.005,16,0.06731515377759933
444,0.06729186326265335,0.6718584956975959,0.06737702339887619,0.6682729309775272,0.005,17,0.06731515377759933
445,0.06735684722661972,0.6701404251281453,0.06735396385192871,0.6671255529768787,0.005,18,0.06731515377759933
446,0.06720609962940216,0.6726409411505612,0.06722229719161987,0.6699629744968663,0.005,0,0.06722229719161987
447,0.06715543568134308,0.6735232252349594,0.06723399460315704,0.6690795616301228,0.005,1,0.06722229719161987
448,0.06718366593122482,0.6727284740645454,0.0672840103507042,0.6683063446153726,0.005,2,0.06722229719161987
449,0.06711500138044357,0.6744957251499619,0.06724732369184494,0.6699212672478693,0.005,3,0.06722229719161987
450,0.06713762134313583,0.6734800611374946,0.06728752702474594,0.6685738443622542,0.005,4,0.06722229719161987
451,0.0670274868607521,0.6754373506459501,0.06706809997558594,0.6710131180772265,0.005,0,0.06706809997558594
452,0.06707549095153809,0.6747176881929928,0.06707306206226349,0.6727100970163993,0.005,1,0.06706809997558594
453,0.06719847023487091,0.6727140544615093,0.06721106171607971,0.6691430899337026,0.005,2,0.06706809997558594
454,0.06703270226716995,0.6747374306773757,0.06703849881887436,0.6722461225212759,0.005,0,0.06703849881887436
455,0.06703142076730728,0.6748860278631994,0.06713056564331055,0.6700807286184168,0.005,1,0.06703849881887436
456,0.06702166050672531,0.675391319863005,0.06692233681678772,0.6748969377903569,0.005,0,0.06692233681678772
457,0.06698548793792725,0.6762694207592064,0.06692095845937729,0.6739350079664137,0.005,0,0.06692095845937729
458,0.0670386552810669,0.6751751719626407,0.0670635849237442,0.6717625057614783,0.005,1,0.06692095845937729
459,0.06697149574756622,0.6756102961183625,0.06688636541366577,0.6751133934630088,0.005,0,0.06688636541366577
460,0.0670190081000328,0.6749400030065934,0.0669827088713646,0.6722153625074438,0.005,1,0.06688636541366577
461,0.06697817146778107,0.6751109320235361,0.06713368743658066,0.6697121969625319,0.005,2,0.06688636541366577
462,0.06696134060621262,0.6757877332714312,0.06711944192647934,0.6686277871743618,0.005,3,0.06688636541366577
463,0.06699208915233612,0.6747947138777315,0.06701038032770157,0.6731891904188869,0.005,4,0.06688636541366577
464,0.06690466403961182,0.676096866747088,0.06708947569131851,0.6688008730865866,0.005,5,0.06688636541366577
465,0.06681574881076813,0.6780992274714432,0.06689251959323883,0.6743504522845768,0.005,6,0.06688636541366577
466,0.06683722138404846,0.6775534919144768,0.06678566336631775,0.6759765210852299,0.005,0,0.06678566336631775
467,0.06689680367708206,0.6758938720213392,0.06671091914176941,0.676988578470691,0.005,0,0.06671091914176941
468,0.06683030724525452,0.6775013560364002,0.0667102262377739,0.6777489051012331,0.005,0,0.0667102262377739
469,0.06675174832344055,0.6793363295895611,0.06708616018295288,0.6697663600218804,0.005,1,0.0667102262377739
470,0.06676982343196869,0.6784615973722977,0.06678827106952667,0.6750986724216277,0.005,2,0.0667102262377739
471,0.06680033355951309,0.6776786491103327,0.06674788147211075,0.6754845574286581,0.005,3,0.0667102262377739
472,0.06667802482843399,0.679762549274094,0.06686123460531235,0.6734933127822291,0.005,4,0.0667102262377739
473,0.06677106022834778,0.6776222029825723,0.06704085320234299,0.6705076873675959,0.005,5,0.0667102262377739
474,0.0666494145989418,0.6801011523700046,0.06663298606872559,0.6773667500877957,0.005,0,0.06663298606872559
475,0.06675750017166138,0.6774576667840773,0.06665882468223572,0.6764963270717563,0.005,1,0.06663298606872559
476,0.06656920909881592,0.6816565157848142,0.06672866642475128,0.6760118541896198,0.005,2,0.06663298606872559
477,0.06669671833515167,0.678932106113315,0.06654243171215057,0.6797630329623252,0.005,0,0.06654243171215057
478,0.06669169664382935,0.6790241858386135,0.06674695760011673,0.6738381406248604,0.005,1,0.06654243171215057
479,0.06655357778072357,0.6815825726324123,0.06656397879123688,0.6792830041011269,0.005,2,0.06654243171215057
480,0.06658169627189636,0.6810482009503014,0.06674743443727493,0.6750617608786791,0.005,3,0.06654243171215057
481,0.06667187064886093,0.6789923239066382,0.06670815497636795,0.6757777704488337,0.005,4,0.06654243171215057
482,0.06656068563461304,0.6808348749893309,0.06661497801542282,0.6786322575776039,0.005,5,0.06654243171215057
483,0.06656656414270401,0.6806787834049186,0.06633121520280838,0.6837287325475139,0.005,0,0.06633121520280838
484,0.06657242774963379,0.6803059779881698,0.06637641042470932,0.6812172319470773,0.005,1,0.06633121520280838
485,0.06659199297428131,0.6803587826652849,0.06666462868452072,0.6753557412118225,0.005,2,0.06633121520280838
486,0.06651834398508072,0.6818532795500729,0.06659895181655884,0.6759378901928536,0.005,3,0.06633121520280838
487,0.0665186420083046,0.6813459815337388,0.06649366766214371,0.6787312409504436,0.005,4,0.06633121520280838
488,0.06650524586439133,0.6812678849332487,0.06652826815843582,0.6795049920055463,0.005,5,0.06633121520280838
489,0.06641490757465363,0.6834393778717974,0.06640907377004623,0.679717881093848,0.005,6,0.06633121520280838
490,0.06636807322502136,0.683852446012799,0.06664886325597763,0.6766600110318763,0.005,7,0.06633121520280838
491,0.06645803898572922,0.6823806772583083,0.06646795570850372,0.6800534905237416,0.005,8,0.06633121520280838
492,0.0663977563381195,0.6836419736886327,0.06659199297428131,0.6769434206815892,0.005,9,0.06633121520280838
493,0.06635192781686783,0.6836499885663039,0.06648044288158417,0.6792288232799042,0.005,10,0.06633121520280838
494,0.06636877357959747,0.6836249962187925,0.06640538573265076,0.6795421320846101,0.005,11,0.06633121520280838
495,0.06643921881914139,0.6820950962630843,0.06615756452083588,0.6841140835141919,0.005,0,0.06615756452083588
496,0.06648780405521393,0.6812326677515984,0.06634410470724106,0.6817126520643789,0.005,1,0.06615756452083588
497,0.06636582314968109,0.6837732173308866,0.06634018570184708,0.6816295537277467,0.005,2,0.06615756452083588
498,0.06633071601390839,0.68440342338621,0.06647021323442459,0.679863934617584,0.005,3,0.06615756452083588
499,0.06633023172616959,0.6840720019012392,0.06635298579931259,0.681040210003518,0.005,4,0.06615756452083588
500,0.06629752367734909,0.6849386180592195,0.06640620529651642,0.680017153281394,0.005,5,0.06615756452083588
501,0.06630010157823563,0.6840780036399793,0.06629977375268936,0.6821049881841382,0.005,6,0.06615756452083588
502,0.06627670675516129,0.6843389866295686,0.06634089350700378,0.6806901945094798,0.005,7,0.06615756452083588
503,0.06634079664945602,0.6835419716768965,0.06634858250617981,0.6818310645594017,0.005,8,0.06615756452083588
504,0.06627636402845383,0.6847812539570044,0.06634480506181717,0.6795001915629979,0.005,9,0.06615756452083588
505,0.06623850017786026,0.6859410695799628,0.06639569997787476,0.6805147995536021,0.005,10,0.06615756452083588
506,0.06621062010526657,0.6861886015588962,0.06642455607652664,0.6789626923814651,0.005,11,0.06615756452083588
507,0.06624753773212433,0.6850625030634895,0.06624002754688263,0.6834516058647871,0.005,12,0.06615756452083588
508,0.06618017703294754,0.6863901320056676,0.06613682210445404,0.6841184505670083,0.005,0,0.06613682210445404
509,0.06612668931484222,0.6868603425844276,0.06629417836666107,0.6823869058364135,0.005,1,0.06613682210445404
510,0.06614460796117783,0.6868764377462607,0.06618056446313858,0.682676080990509,0.005,2,0.06613682210445404
511,0.0661771148443222,0.6860131796651686,0.06611040979623795,0.6853348571316302,0.005,0,0.06611040979623795
512,0.0661565512418747,0.6865237078813617,0.06619897484779358,0.6826725061172843,0.005,1,0.06611040979623795
513,0.06619951128959656,0.6860197245550667,0.06612648814916611,0.6846260612506725,0.005,2,0.06611040979623795
514,0.06614451855421066,0.686876848290244,0.06597985327243805,0.6866627040635682,0.005,0,0.06597985327243805
515,0.06607698649168015,0.6884570716628681,0.06608950346708298,0.6853207115749749,0.005,1,0.06597985327243805
516,0.06609543412923813,0.6876030839052316,0.06615805625915527,0.683719356646158,0.005,2,0.06597985327243805
517,0.06605737656354904,0.6881536818340047,0.06609824299812317,0.6835536502006229,0.005,3,0.06597985327243805
518,0.06613027304410934,0.6868441666295393,0.06621161103248596,0.6832726573499337,0.005,4,0.06597985327243805
519,0.06612426042556763,0.6869627696383155,0.06621736288070679,0.6823187061599052,0.005,5,0.06597985327243805
520,0.06601467728614807,0.688122019709888,0.06585399061441422,0.6899003550802332,0.005,0,0.06585399061441422
521,0.06608720123767853,0.6874839856991838,0.06587985157966614,0.6882784283486562,0.005,1,0.06585399061441422
522,0.06606987863779068,0.6876944596544349,0.0659710019826889,0.6856965433611779,0.005,2,0.06585399061441422
523,0.06602743268013,0.6892066467386453,0.06609882414340973,0.6842254137578874,0.005,3,0.06585399061441422
524,0.0660012885928154,0.6894822678966016,0.06623218208551407,0.683414854178707,0.005,4,0.06585399061441422
525,0.06593098491430283,0.6906738262736235,0.06611465662717819,0.6836602889412657,0.005,5,0.06585399061441422
526,0.06595128774642944,0.690814395804947,0.06602457910776138,0.6856737454035111,0.005,6,0.06585399061441422
527,0.06593413650989532,0.6905182893123305,0.06595838069915771,0.6878218131900985,0.005,7,0.06585399061441422
528,0.06589558720588684,0.6908593032599569,0.06592229753732681,0.6881936225038456,0.005,8,0.06585399061441422
529,0.0660194605588913,0.6886556936683945,0.06602701544761658,0.6852849071888548,0.005,9,0.06585399061441422
530,0.06597563624382019,0.6897326055040836,0.065879225730896,0.6885593229169744,0.005,10,0.06585399061441422
531,0.06590982526540756,0.689768641163965,0.06599406898021698,0.6852083298283234,0.005,11,0.06585399061441422
532,0.06594736874103546,0.6892312452336053,0.06601402908563614,0.6865743422915322,0.005,12,0.06585399061441422
533,0.06588537991046906,0.6908094224106514,0.06601229310035706,0.6848668246403026,0.005,13,0.06585399061441422
534,0.06589101254940033,0.6905553634293806,0.06596335023641586,0.6849509330355175,0.005,14,0.06585399061441422
535,0.06585831195116043,0.6913466767628713,0.06591320782899857,0.6879864776056774,0.005,15,0.06585399061441422
536,0.06591697037220001,0.6897048514041983,0.06573496758937836,0.6911394044821536,0.005,0,0.06573496758937836
537,0.06580287963151932,0.6923644448744185,0.06592071056365967,0.687673606927203,0.005,1,0.06573496758937836
538,0.06576892733573914,0.6924289669911516,0.06568896025419235,0.6918380689900373,0.005,0,0.06568896025419235
539,0.0658121407032013,0.6924900148434067,0.06580773741006851,0.689704697378207,0.005,1,0.06568896025419235
540,0.065879687666893,0.6903315267595177,0.06585206836462021,0.6887943811925945,0.005,2,0.06568896025419235
541,0.06589435040950775,0.6904521747133736,0.06567497551441193,0.6905824276293144,0.005,0,0.06567497551441193
542,0.06583906710147858,0.6908503978644864,0.06575849652290344,0.6912768411286269,0.005,1,0.06567497551441193
543,0.06578928977251053,0.6916341557968261,0.0657823458313942,0.6896475230891103,0.005,2,0.06567497551441193
544,0.06574754416942596,0.6930794985348486,0.06597646325826645,0.686151574160552,0.005,3,0.06567497551441193
545,0.06575438380241394,0.6929376163610423,0.06580866873264313,0.6906343503242569,0.005,4,0.06567497551441193
546,0.06569438427686691,0.6938742833599738,0.0656871646642685,0.6918086624310233,0.005,5,0.06567497551441193
547,0.06575020402669907,0.6928833289193249,0.06577631831169128,0.6903165205304911,0.005,6,0.06567497551441193
548,0.06573202461004257,0.6937062250518534,0.06598377972841263,0.6865635170212373,0.005,7,0.06567497551441193
549,0.06576483696699142,0.6926707478203028,0.0656178668141365,0.6927060775753031,0.005,0,0.0656178668141365
550,0.06576987355947495,0.691939341449788,0.0658358559012413,0.6883680606867638,0.005,1,0.0656178668141365
551,0.06574510782957077,0.6929700228034126,0.06574483960866928,0.6914510649849288,0.005,2,0.0656178668141365
552,0.06565286219120026,0.6946475116084707,0.06564619392156601,0.693395008576096,0.005,3,0.0656178668141365
553,0.06569472700357437,0.6944772339379615,0.06563851237297058,0.6919140365262193,0.005,4,0.0656178668141365
554,0.0657355859875679,0.6931977483050787,0.06569559127092361,0.6912804207383514,0.005,5,0.0656178668141365
555,0.065689817070961,0.6935885834586857,0.06565375626087189,0.6918260536741672,0.005,6,0.0656178668141365
556,0.06562473624944687,0.6951039806260456,0.06582549214363098,0.6895351247647096,0.005,7,0.0656178668141365
557,0.06561349332332611,0.6956478958382756,0.06556645780801773,0.6947868586457188,0.005,0,0.06556645780801773
558,0.06571538001298904,0.6930894275446182,0.06559938937425613,0.6931809685183424,0.005,1,0.06556645780801773
559,0.06560413539409637,0.6956817528041432,0.0656125470995903,0.6914388684979415,0.005,2,0.06556645780801773
560,0.06561465561389923,0.6956574112050012,0.06571323424577713,0.6903223345839967,0.005,3,0.06556645780801773
561,0.06564338505268097,0.6943142545553076,0.065816231071949,0.688621189893249,0.005,4,0.06556645780801773
562,0.06559315323829651,0.6962198766875412,0.06561494618654251,0.6934415174517662,0.005,5,0.06556645780801773
563,0.06557001918554306,0.6956393220966652,0.06563641130924225,0.6926954180825011,0.005,6,0.06556645780801773
564,0.065618135035038,0.6949957460955885,0.0655861422419548,0.6938173397649696,0.005,7,0.06556645780801773
565,0.06557384133338928,0.6966489846422399,0.06553326547145844,0.695114984405927,0.005,0,0.06553326547145844
566,0.06549908965826035,0.6973842731571116,0.06544937938451767,0.6956786563012347,0.005,0,0.06544937938451767
567,0.0655410885810852,0.6963625514053344,0.0654790922999382,0.694929722136839,0.005,1,0.06544937938451767
568,0.0655471682548523,0.6963182476690888,0.0653240829706192,0.698275362980715,0.005,0,0.0653240829706192
569,0.06558266282081604,0.6952774129228291,0.06583061814308167,0.6891821311964218,0.005,1,0.0653240829706192
570,0.06553376466035843,0.6958578867750194,0.06563122570514679,0.6929592067817886,0.005,2,0.0653240829706192
571,0.06555527448654175,0.6968505099239103,0.06561990082263947,0.6924737214728196,0.005,3,0.0653240829706192
572,0.06549001485109329,0.6975771201446515,0.06554282456636429,0.6941077428566383,0.005,4,0.0653240829706192
573,0.06544967740774155,0.6984394043051537,0.06572156399488449,0.6909174592062323,0.005,5,0.0653240829706192
574,0.06553004682064056,0.6969368210468215,0.06551525741815567,0.6936552520052826,0.005,6,0.0653240829706192
575,0.06551119685173035,0.697173773811311,0.06573899835348129,0.6901137936025121,0.005,7,0.0653240829706192
576,0.06548911333084106,0.6974262852739226,0.06548750400543213,0.6944112897352547,0.005,8,0.0653240829706192
577,0.06546147167682648,0.697439628904845,0.06559362262487411,0.6931997333464287,0.005,9,0.0653240829706192
578,0.06551003456115723,0.6967368634548894,0.06561689078807831,0.6933248077284218,0.005,10,0.0653240829706192
579,0.06553983688354492,0.6968141037359865,0.06549912691116333,0.6942633072719746,0.005,11,0.0653240829706192
580,0.06544984132051468,0.6977616219055276,0.06560506671667099,0.6926936276855764,0.005,12,0.0653240829706192
581,0.06544695794582367,0.697820517759186,0.06546797603368759,0.694894081159962,0.005,13,0.0653240829706192
582,0.06544384360313416,0.6980594384815644,0.0656328871846199,0.6916433846387202,0.005,14,0.0653240829706192
583,0.0654042586684227,0.6992183013880322,0.06550273299217224,0.695238819009097,0.005,15,0.0653240829706192
584,0.06543785333633423,0.6979675386105232,0.06540292501449585,0.6962423270124176,0.005,16,0.0653240829706192
585,0.06540683656930923,0.699139212326958,0.06563902646303177,0.6943199285747197,0.005,17,0.0653240829706192
586,0.06543153524398804,0.6980389965881229,0.06549432873725891,0.6959704377143456,0.005,18,0.0653240829706192
587,0.0653844028711319,0.6992568786582417,0.06538698077201843,0.6962082656582242,0.005,19,0.0653240829706192
588,0.06538358330726624,0.6996753471027373,0.06544206291437149,0.6960873345294322,0.005,20,0.0653240829706192
589,0.06543801724910736,0.6980483626562419,0.0653739795088768,0.6969086210965368,0.005,21,0.0653240829706192
590,0.06541154533624649,0.6986131194863692,0.06543339043855667,0.6964153821373937,0.005,22,0.0653240829706192
591,0.06538617610931396,0.6992044655501597,0.06538981199264526,0.6961153059290064,0.005,23,0.0653240829706192
592,0.06540932506322861,0.698693651241735,0.06545458734035492,0.6949900781696772,0.005,24,0.0653240829706192
593,0.0654013529419899,0.6988037271035497,0.0655284896492958,0.6937346677133195,0.005,25,0.0653240829706192
594,0.06527972966432571,0.701082933984734,0.06546847522258759,0.6961003006976372,0.005,26,0.0653240829706192
595,0.06538442522287369,0.6993471399961053,0.06539752334356308,0.6973189855186634,0.005,27,0.0653240829706192
596,0.06532231718301773,0.6998572035163075,0.0652751475572586,0.6991973049050888,0.005,0,0.0652751475572586
597,0.06540809571743011,0.6987528489004062,0.06526635587215424,0.6994766080094742,0.005,0,0.06526635587215424
598,0.0653470978140831,0.6995378092139126,0.06542225182056427,0.6961705228595606,0.005,1,0.06526635587215424
599,0.06530684977769852,0.6998836232259157,0.06559786945581436,0.6940232235700659,0.005,2,0.06526635587215424
